Image,Viewpoint
000000000001.jpg,right
000000000002.jpg,right
000000000003.jpg,right
000000000004.jpg,right
000000000005.jpg,right
000000000006.jpg,right
000000000007.jpg,right
000000000008.jpg,right
000000000009.jpg,right
000000000010.jpg,right
000000000011.jpg,left
000000000012.jpg,left
000000000013.jpg,left
000000000014.jpg,left
000000000015.jpg,left
000000000016.jpg,left
000000000017.jpg,left
000000000018.jpg,left
000000000019.jpg,left
000000000020.jpg,left
000000000021.jpg,front
000000000022.jpg,front
000000000023.jpg,front
000000000024.jpg,front
000000000025.jpg,front
000000000026.jpg,front
000000000027.jpg,front
000000000028.jpg,front
000000000029.jpg,front
000000000030.jpg,front
000000000031.jpg,right
000000000032.jpg,right
000000000033.jpg,right
000000000034.jpg,right
000000000035.jpg,right
000000000036.jpg,right
000000000037.jpg,right
000000000038.jpg,right
000000000039.jpg,right
000000000040.jpg,right
000000000041.jpg,left
000000000042.jpg,left
000000000043.jpg,left
000000000044.jpg,left
000000000045.jpg,left
000000000046.jpg,left
000000000047.jpg,left
000000000048.jpg,left
000000000049.jpg,left
000000000050.jpg,left
000000000051.jpg,front
000000000052.jpg,front
000000000053.jpg,front
000000000054.jpg,front
000000000055.jpg,front
000000000056.jpg,front
000000000057.jpg,front
000000000058.jpg,front
000000000059.jpg,front
000000000060.jpg,front
000000000061.jpg,right
000000000062.jpg,right
000000000063.jpg,right
000000000064.jpg,right
000000000065.jpg,right
000000000066.jpg,right
000000000067.jpg,right
000000000068.jpg,right
000000000069.jpg,right
000000000070.jpg,right
000000000071.jpg,left
000000000072.jpg,left
000000000073.jpg,left
000000000074.jpg,left
000000000075.jpg,left
000000000076.jpg,left
000000000077.jpg,left
000000000078.jpg,left
000000000079.jpg,left
000000000080.jpg,left
000000000081.jpg,front
000000000082.jpg,front
000000000083.jpg,front
000000000084.jpg,front
000000000085.jpg,front
000000000086.jpg,front
000000000087.jpg,front
000000000088.jpg,front
000000000089.jpg,front
000000000090.jpg,front
000000000091.jpg,right
000000000092.jpg,right
000000000093.jpg,right
000000000094.jpg,right
000000000095.jpg,right
000000000096.jpg,right
000000000097.jpg,right
000000000098.jpg,right
000000000099.jpg,right
000000000100.jpg,right
000000000101.jpg,left
000000000102.jpg,left
000000000103.jpg,left
000000000104.jpg,left
000000000105.jpg,left
000000000106.jpg,left
000000000107.jpg,left
000000000108.jpg,left
000000000109.jpg,left
000000000110.jpg,left
000000000111.jpg,front
000000000112.jpg,front
000000000113.jpg,front
000000000114.jpg,front
000000000115.jpg,front
000000000116.jpg,front
000000000117.jpg,front
000000000118.jpg,front
000000000119.jpg,front
000000000120.jpg,front
000000000121.jpg,right
000000000122.jpg,right
000000000123.jpg,right
000000000124.jpg,right
000000000125.jpg,right
000000000126.jpg,right
000000000127.jpg,right
000000000128.jpg,right
000000000129.jpg,right
000000000130.jpg,right
000000000131.jpg,left
000000000132.jpg,left
000000000133.jpg,left
000000000134.jpg,left
000000000135.jpg,left
000000000136.jpg,left
000000000137.jpg,left
000000000138.jpg,left
000000000139.jpg,left
000000000140.jpg,left
000000000141.jpg,front
000000000142.jpg,front
000000000143.jpg,front
000000000144.jpg,front
000000000145.jpg,front
000000000146.jpg,front
000000000147.jpg,front
000000000148.jpg,front
000000000149.jpg,front
000000000150.jpg,front
000000000151.jpg,right
000000000152.jpg,right
000000000153.jpg,right
000000000154.jpg,right
000000000155.jpg,right
000000000156.jpg,right
000000000157.jpg,right
000000000158.jpg,right
000000000159.jpg,right
000000000160.jpg,right
000000000161.jpg,left
000000000162.jpg,left
000000000163.jpg,left
000000000164.jpg,left
000000000165.jpg,left
000000000166.jpg,left
000000000167.jpg,left
000000000168.jpg,left
000000000169.jpg,left
000000000170.jpg,left
000000000171.jpg,front
000000000172.jpg,front
000000000173.jpg,front
000000000174.jpg,front
000000000175.jpg,front
000000000176.jpg,front
000000000177.jpg,front
000000000178.jpg,front
000000000179.jpg,front
000000000180.jpg,front
000000000181.jpg,right
000000000182.jpg,right
000000000183.jpg,right
000000000184.jpg,right
000000000185.jpg,right
000000000186.jpg,right
000000000187.jpg,right
000000000188.jpg,right
000000000189.jpg,right
000000000190.jpg,right
000000000191.jpg,left
000000000192.jpg,left
000000000193.jpg,left
000000000194.jpg,left
000000000195.jpg,left
000000000196.jpg,left
000000000197.jpg,left
000000000198.jpg,left
000000000199.jpg,left
000000000200.jpg,left
000000000201.jpg,front
000000000202.jpg,front
000000000203.jpg,front
000000000204.jpg,front
000000000205.jpg,front
000000000206.jpg,front
000000000207.jpg,front
000000000208.jpg,front
000000000209.jpg,front
000000000210.jpg,front
000000000211.jpg,right
000000000212.jpg,right
000000000213.jpg,right
000000000214.jpg,right
000000000215.jpg,right
000000000216.jpg,right
000000000217.jpg,right
000000000218.jpg,right
000000000219.jpg,right
000000000220.jpg,right
000000000221.jpg,left
000000000222.jpg,left
000000000223.jpg,left
000000000224.jpg,left
000000000225.jpg,left
000000000226.jpg,left
000000000227.jpg,left
000000000228.jpg,left
000000000229.jpg,left
000000000230.jpg,left
000000000231.jpg,front
000000000232.jpg,front
000000000233.jpg,front
000000000234.jpg,front
000000000235.jpg,front
000000000236.jpg,front
000000000237.jpg,front
000000000238.jpg,front
000000000239.jpg,front
000000000240.jpg,front
000000000241.jpg,right
000000000242.jpg,right
000000000243.jpg,right
000000000244.jpg,right
000000000245.jpg,right
000000000246.jpg,right
000000000247.jpg,right
000000000248.jpg,right
000000000249.jpg,right
000000000250.jpg,right
000000000251.jpg,left
000000000252.jpg,left
000000000253.jpg,left
000000000254.jpg,left
000000000255.jpg,left
000000000256.jpg,left
000000000257.jpg,left
000000000258.jpg,left
000000000259.jpg,left
000000000260.jpg,left
000000000261.jpg,front
000000000262.jpg,front
000000000263.jpg,front
000000000264.jpg,front
000000000265.jpg,front
000000000266.jpg,front
000000000267.jpg,front
000000000268.jpg,front
000000000269.jpg,front
000000000270.jpg,front
000000000271.jpg,right
000000000272.jpg,right
000000000273.jpg,right
000000000274.jpg,right
000000000275.jpg,right
000000000276.jpg,right
000000000277.jpg,right
000000000278.jpg,right
000000000279.jpg,right
000000000280.jpg,right
000000000281.jpg,left
000000000282.jpg,left
000000000283.jpg,left
000000000284.jpg,left
000000000285.jpg,left
000000000286.jpg,left
000000000287.jpg,left
000000000288.jpg,left
000000000289.jpg,left
000000000290.jpg,left
000000000291.jpg,front
000000000292.jpg,front
000000000293.jpg,front
000000000294.jpg,front
000000000295.jpg,front
000000000296.jpg,front
000000000297.jpg,front
000000000298.jpg,front
000000000299.jpg,front
000000000300.jpg,front
000000000301.jpg,right
000000000302.jpg,right
000000000303.jpg,right
000000000304.jpg,right
000000000305.jpg,right
000000000306.jpg,right
000000000307.jpg,right
000000000308.jpg,right
000000000309.jpg,right
000000000310.jpg,right
000000000311.jpg,left
000000000312.jpg,left
000000000313.jpg,left
000000000314.jpg,left
000000000315.jpg,left
000000000316.jpg,left
000000000317.jpg,left
000000000318.jpg,left
000000000319.jpg,left
000000000320.jpg,left
000000000321.jpg,front
000000000322.jpg,front
000000000323.jpg,front
000000000324.jpg,front
000000000325.jpg,front
000000000326.jpg,front
000000000327.jpg,front
000000000328.jpg,front
000000000329.jpg,front
000000000330.jpg,front
000000000331.jpg,right
000000000332.jpg,right
000000000333.jpg,right
000000000334.jpg,right
000000000335.jpg,right
000000000336.jpg,right
000000000337.jpg,right
000000000338.jpg,right
000000000339.jpg,right
000000000340.jpg,right
000000000341.jpg,left
000000000342.jpg,left
000000000343.jpg,left
000000000344.jpg,left
000000000345.jpg,left
000000000346.jpg,left
000000000347.jpg,left
000000000348.jpg,left
000000000349.jpg,left
000000000350.jpg,left
000000000351.jpg,front
000000000352.jpg,front
000000000353.jpg,front
000000000354.jpg,front
000000000355.jpg,front
000000000356.jpg,front
000000000357.jpg,front
000000000358.jpg,front
000000000359.jpg,front
000000000360.jpg,front
000000000361.jpg,right
000000000362.jpg,right
000000000363.jpg,right
000000000364.jpg,right
000000000365.jpg,right
000000000366.jpg,right
000000000367.jpg,right
000000000368.jpg,right
000000000369.jpg,right
000000000370.jpg,right
000000000371.jpg,left
000000000372.jpg,left
000000000373.jpg,left
000000000374.jpg,left
000000000375.jpg,left
000000000376.jpg,left
000000000377.jpg,left
000000000378.jpg,left
000000000379.jpg,left
000000000380.jpg,left
000000000381.jpg,front
000000000382.jpg,front
000000000383.jpg,front
000000000384.jpg,front
000000000385.jpg,front
000000000386.jpg,front
000000000387.jpg,front
000000000388.jpg,front
000000000389.jpg,front
000000000390.jpg,front
000000000391.jpg,right
000000000392.jpg,right
000000000393.jpg,right
000000000394.jpg,right
000000000395.jpg,right
000000000396.jpg,right
000000000397.jpg,right
000000000398.jpg,right
000000000399.jpg,right
000000000400.jpg,right
000000000401.jpg,left
000000000402.jpg,left
000000000403.jpg,left
000000000404.jpg,left
000000000405.jpg,left
000000000406.jpg,left
000000000407.jpg,left
000000000408.jpg,left
000000000409.jpg,left
000000000410.jpg,left
000000000411.jpg,front
000000000412.jpg,front
000000000413.jpg,front
000000000414.jpg,front
000000000415.jpg,front
000000000416.jpg,front
000000000417.jpg,front
000000000418.jpg,front
000000000419.jpg,front
000000000420.jpg,front
000000000421.jpg,right
000000000422.jpg,right
000000000423.jpg,right
000000000424.jpg,right
000000000425.jpg,right
000000000426.jpg,right
000000000427.jpg,right
000000000428.jpg,right
000000000429.jpg,right
000000000430.jpg,right
000000000431.jpg,left
000000000432.jpg,left
000000000433.jpg,left
000000000434.jpg,left
000000000435.jpg,left
000000000436.jpg,left
000000000437.jpg,left
000000000438.jpg,left
000000000439.jpg,left
000000000440.jpg,left
000000000441.jpg,front
000000000442.jpg,front
000000000443.jpg,front
000000000444.jpg,front
000000000445.jpg,front
000000000446.jpg,front
000000000447.jpg,front
000000000448.jpg,front
000000000449.jpg,front
000000000450.jpg,front
000000000451.jpg,right
000000000452.jpg,right
000000000453.jpg,right
000000000454.jpg,right
000000000455.jpg,right
000000000456.jpg,right
000000000457.jpg,right
000000000458.jpg,right
000000000459.jpg,right
000000000460.jpg,right
000000000461.jpg,left
000000000462.jpg,left
000000000463.jpg,left
000000000464.jpg,left
000000000465.jpg,left
000000000466.jpg,left
000000000467.jpg,left
000000000468.jpg,left
000000000469.jpg,left
000000000470.jpg,left
000000000471.jpg,front
000000000472.jpg,front
000000000473.jpg,front
000000000474.jpg,front
000000000475.jpg,front
000000000476.jpg,front
000000000477.jpg,front
000000000478.jpg,front
000000000479.jpg,front
000000000480.jpg,front
000000000481.jpg,right
000000000482.jpg,right
000000000483.jpg,right
000000000484.jpg,right
000000000485.jpg,right
000000000486.jpg,right
000000000487.jpg,right
000000000488.jpg,right
000000000489.jpg,right
000000000490.jpg,right
000000000491.jpg,left
000000000492.jpg,left
000000000493.jpg,left
000000000494.jpg,left
000000000495.jpg,left
000000000496.jpg,left
000000000497.jpg,left
000000000498.jpg,left
000000000499.jpg,left
000000000500.jpg,left
000000000501.jpg,front
000000000502.jpg,front
000000000503.jpg,front
000000000504.jpg,front
000000000505.jpg,front
000000000506.jpg,front
000000000507.jpg,front
000000000508.jpg,front
000000000509.jpg,front
000000000510.jpg,front
000000000511.jpg,right
000000000512.jpg,right
000000000513.jpg,right
000000000514.jpg,right
000000000515.jpg,right
000000000516.jpg,right
000000000517.jpg,right
000000000518.jpg,right
000000000519.jpg,right
000000000520.jpg,right
000000000521.jpg,left
000000000522.jpg,left
000000000523.jpg,left
000000000524.jpg,left
000000000525.jpg,left
000000000526.jpg,left
000000000527.jpg,left
000000000528.jpg,left
000000000529.jpg,left
000000000530.jpg,left
000000000531.jpg,front
000000000532.jpg,front
000000000533.jpg,front
000000000534.jpg,front
000000000535.jpg,front
000000000536.jpg,front
000000000537.jpg,front
000000000538.jpg,front
000000000539.jpg,front
000000000540.jpg,front
000000000541.jpg,right
000000000542.jpg,right
000000000543.jpg,right
000000000544.jpg,right
000000000545.jpg,right
000000000546.jpg,right
000000000547.jpg,right
000000000548.jpg,right
000000000549.jpg,right
000000000550.jpg,right
000000000551.jpg,left
000000000552.jpg,left
000000000553.jpg,left
000000000554.jpg,left
000000000555.jpg,left
000000000556.jpg,left
000000000557.jpg,left
000000000558.jpg,left
000000000559.jpg,left
000000000560.jpg,left
000000000561.jpg,front
000000000562.jpg,front
000000000563.jpg,front
000000000564.jpg,front
000000000565.jpg,front
000000000566.jpg,front
000000000567.jpg,front
000000000568.jpg,front
000000000569.jpg,front
000000000570.jpg,front
000000000571.jpg,right
000000000572.jpg,right
000000000573.jpg,right
000000000574.jpg,right
000000000575.jpg,right
000000000576.jpg,right
000000000577.jpg,right
000000000578.jpg,right
000000000579.jpg,right
000000000580.jpg,right
000000000581.jpg,left
000000000582.jpg,left
000000000583.jpg,left
000000000584.jpg,left
000000000585.jpg,left
000000000586.jpg,left
000000000587.jpg,left
000000000588.jpg,left
000000000589.jpg,left
000000000590.jpg,left
000000000591.jpg,front
000000000592.jpg,front
000000000593.jpg,front
000000000594.jpg,front
000000000595.jpg,front
000000000596.jpg,front
000000000597.jpg,front
000000000598.jpg,front
000000000599.jpg,front
000000000600.jpg,front
000000000601.jpg,right
000000000602.jpg,right
000000000603.jpg,right
000000000604.jpg,right
000000000605.jpg,right
000000000606.jpg,right
000000000607.jpg,right
000000000608.jpg,right
000000000609.jpg,right
000000000610.jpg,right
000000000611.jpg,left
000000000612.jpg,left
000000000613.jpg,left
000000000614.jpg,left
000000000615.jpg,left
000000000616.jpg,left
000000000617.jpg,left
000000000618.jpg,left
000000000619.jpg,left
000000000620.jpg,left
000000000621.jpg,front
000000000622.jpg,front
000000000623.jpg,front
000000000624.jpg,front
000000000625.jpg,front
000000000626.jpg,front
000000000627.jpg,front
000000000628.jpg,front
000000000629.jpg,front
000000000630.jpg,front
000000000631.jpg,right
000000000632.jpg,right
000000000633.jpg,right
000000000634.jpg,right
000000000635.jpg,right
000000000636.jpg,right
000000000637.jpg,right
000000000638.jpg,right
000000000639.jpg,right
000000000640.jpg,right
000000000641.jpg,left
000000000642.jpg,left
000000000643.jpg,left
000000000644.jpg,left
000000000645.jpg,left
000000000646.jpg,left
000000000647.jpg,left
000000000648.jpg,left
000000000649.jpg,left
000000000650.jpg,left
000000000651.jpg,front
000000000652.jpg,front
000000000653.jpg,front
000000000654.jpg,front
000000000655.jpg,front
000000000656.jpg,front
000000000657.jpg,front
000000000658.jpg,front
000000000659.jpg,front
000000000660.jpg,front
000000000661.jpg,right
000000000662.jpg,right
000000000663.jpg,right
000000000664.jpg,right
000000000665.jpg,right
000000000666.jpg,right
000000000667.jpg,right
000000000668.jpg,right
000000000669.jpg,right
000000000670.jpg,right
000000000671.jpg,left
000000000672.jpg,left
000000000673.jpg,left
000000000674.jpg,left
000000000675.jpg,left
000000000676.jpg,left
000000000677.jpg,left
000000000678.jpg,left
000000000679.jpg,left
000000000680.jpg,left
000000000681.jpg,front
000000000682.jpg,front
000000000683.jpg,front
000000000684.jpg,front
000000000685.jpg,front
000000000686.jpg,front
000000000687.jpg,front
000000000688.jpg,front
000000000689.jpg,front
000000000690.jpg,front
000000000691.jpg,right
000000000692.jpg,right
000000000693.jpg,right
000000000694.jpg,right
000000000695.jpg,right
000000000696.jpg,right
000000000697.jpg,right
000000000698.jpg,right
000000000699.jpg,right
000000000700.jpg,right
000000000701.jpg,left
000000000702.jpg,left
000000000703.jpg,left
000000000704.jpg,left
000000000705.jpg,left
000000000706.jpg,left
000000000707.jpg,left
000000000708.jpg,left
000000000709.jpg,left
000000000710.jpg,left
000000000711.jpg,front
000000000712.jpg,front
000000000713.jpg,front
000000000714.jpg,front
000000000715.jpg,front
000000000716.jpg,front
000000000717.jpg,front
000000000718.jpg,front
000000000719.jpg,front
000000000720.jpg,front
000000000721.jpg,right
000000000722.jpg,right
000000000723.jpg,right
000000000724.jpg,right
000000000725.jpg,right
000000000726.jpg,right
000000000727.jpg,right
000000000728.jpg,right
000000000729.jpg,right
000000000730.jpg,right
000000000731.jpg,left
000000000732.jpg,left
000000000733.jpg,left
000000000734.jpg,left
000000000735.jpg,left
000000000736.jpg,left
000000000737.jpg,left
000000000738.jpg,left
000000000739.jpg,left
000000000740.jpg,left
000000000741.jpg,front
000000000742.jpg,front
000000000743.jpg,front
000000000744.jpg,front
000000000745.jpg,front
000000000746.jpg,front
000000000747.jpg,front
000000000748.jpg,front
000000000749.jpg,front
000000000750.jpg,front
000000000751.jpg,right
000000000752.jpg,right
000000000753.jpg,right
000000000754.jpg,right
000000000755.jpg,right
000000000756.jpg,right
000000000757.jpg,right
000000000758.jpg,right
000000000759.jpg,right
000000000760.jpg,right
000000000761.jpg,left
000000000762.jpg,left
000000000763.jpg,left
000000000764.jpg,left
000000000765.jpg,left
000000000766.jpg,left
000000000767.jpg,left
000000000768.jpg,left
000000000769.jpg,left
000000000770.jpg,left
000000000771.jpg,front
000000000772.jpg,front
000000000773.jpg,front
000000000774.jpg,front
000000000775.jpg,front
000000000776.jpg,front
000000000777.jpg,front
000000000778.jpg,front
000000000779.jpg,front
000000000780.jpg,front
000000000781.jpg,right
000000000782.jpg,right
000000000783.jpg,right
000000000784.jpg,right
000000000785.jpg,right
000000000786.jpg,right
000000000787.jpg,right
000000000788.jpg,right
000000000789.jpg,right
000000000790.jpg,right
000000000791.jpg,left
000000000792.jpg,left
000000000793.jpg,left
000000000794.jpg,left
000000000795.jpg,left
000000000796.jpg,left
000000000797.jpg,left
000000000798.jpg,left
000000000799.jpg,left
000000000800.jpg,left
000000000801.jpg,front
000000000802.jpg,front
000000000803.jpg,front
000000000804.jpg,front
000000000805.jpg,front
000000000806.jpg,front
000000000807.jpg,front
000000000808.jpg,front
000000000809.jpg,front
000000000810.jpg,front
000000000811.jpg,right
000000000812.jpg,right
000000000813.jpg,right
000000000814.jpg,right
000000000815.jpg,right
000000000816.jpg,right
000000000817.jpg,right
000000000818.jpg,right
000000000819.jpg,right
000000000820.jpg,right
000000000821.jpg,left
000000000822.jpg,left
000000000823.jpg,left
000000000824.jpg,left
000000000825.jpg,left
000000000826.jpg,left
000000000827.jpg,left
000000000828.jpg,left
000000000829.jpg,left
000000000830.jpg,left
000000000831.jpg,front
000000000832.jpg,front
000000000833.jpg,front
000000000834.jpg,front
000000000835.jpg,front
000000000836.jpg,front
000000000837.jpg,front
000000000838.jpg,front
000000000839.jpg,front
000000000840.jpg,front
000000000841.jpg,right
000000000842.jpg,right
000000000843.jpg,right
000000000844.jpg,right
000000000845.jpg,right
000000000846.jpg,right
000000000847.jpg,right
000000000848.jpg,right
000000000849.jpg,right
000000000850.jpg,right
000000000851.jpg,left
000000000852.jpg,left
000000000853.jpg,left
000000000854.jpg,left
000000000855.jpg,left
000000000856.jpg,left
000000000857.jpg,left
000000000858.jpg,left
000000000859.jpg,left
000000000860.jpg,left
000000000861.jpg,front
000000000862.jpg,front
000000000863.jpg,front
000000000864.jpg,front
000000000865.jpg,front
000000000866.jpg,front
000000000867.jpg,front
000000000868.jpg,front
000000000869.jpg,front
000000000870.jpg,front
000000000871.jpg,right
000000000872.jpg,right
000000000873.jpg,right
000000000874.jpg,right
000000000875.jpg,right
000000000876.jpg,right
000000000877.jpg,right
000000000878.jpg,right
000000000879.jpg,right
000000000880.jpg,right
000000000881.jpg,left
000000000882.jpg,left
000000000883.jpg,left
000000000884.jpg,left
000000000885.jpg,left
000000000886.jpg,left
000000000887.jpg,left
000000000888.jpg,left
000000000889.jpg,left
000000000890.jpg,left
000000000891.jpg,front
000000000892.jpg,front
000000000893.jpg,front
000000000894.jpg,front
000000000895.jpg,front
000000000896.jpg,front
000000000897.jpg,front
000000000898.jpg,front
000000000899.jpg,front
000000000900.jpg,front
000000000901.jpg,right
000000000902.jpg,right
000000000903.jpg,right
000000000904.jpg,right
000000000905.jpg,right
000000000906.jpg,right
000000000907.jpg,right
000000000908.jpg,right
000000000909.jpg,right
000000000910.jpg,right
000000000911.jpg,left
000000000912.jpg,left
000000000913.jpg,left
000000000914.jpg,left
000000000915.jpg,left
000000000916.jpg,left
000000000917.jpg,left
000000000918.jpg,left
000000000919.jpg,left
000000000920.jpg,left
000000000921.jpg,front
000000000922.jpg,front
000000000923.jpg,front
000000000924.jpg,front
000000000925.jpg,front
000000000926.jpg,front
000000000927.jpg,front
000000000928.jpg,front
000000000929.jpg,front
000000000930.jpg,front
000000000931.jpg,right
000000000932.jpg,right
000000000933.jpg,right
000000000934.jpg,right
000000000935.jpg,right
000000000936.jpg,right
000000000937.jpg,right
000000000938.jpg,right
000000000939.jpg,right
000000000940.jpg,right
000000000941.jpg,left
000000000942.jpg,left
000000000943.jpg,left
000000000944.jpg,left
000000000945.jpg,left
000000000946.jpg,left
000000000947.jpg,left
000000000948.jpg,left
000000000949.jpg,left
000000000950.jpg,left
000000000951.jpg,front
000000000952.jpg,front
000000000953.jpg,front
000000000954.jpg,front
000000000955.jpg,front
000000000956.jpg,front
000000000957.jpg,front
000000000958.jpg,front
000000000959.jpg,front
000000000960.jpg,front
000000000961.jpg,right
000000000962.jpg,right
000000000963.jpg,right
000000000964.jpg,right
000000000965.jpg,right
000000000966.jpg,right
000000000967.jpg,right
000000000968.jpg,right
000000000969.jpg,right
000000000970.jpg,right
000000000971.jpg,left
000000000972.jpg,left
000000000973.jpg,left
000000000974.jpg,left
000000000975.jpg,left
000000000976.jpg,left
000000000977.jpg,left
000000000978.jpg,left
000000000979.jpg,left
000000000980.jpg,left
000000000981.jpg,front
000000000982.jpg,front
000000000983.jpg,front
000000000984.jpg,front
000000000985.jpg,front
000000000986.jpg,front
000000000987.jpg,front
000000000988.jpg,front
000000000989.jpg,front
000000000990.jpg,front
000000000991.jpg,right
000000000992.jpg,right
000000000993.jpg,right
000000000994.jpg,right
000000000995.jpg,right
000000000996.jpg,right
000000000997.jpg,right
000000000998.jpg,right
000000000999.jpg,right
000000001000.jpg,right
000000001001.jpg,left
000000001002.jpg,left
000000001003.jpg,left
000000001004.jpg,left
000000001005.jpg,left
000000001006.jpg,left
000000001007.jpg,left
000000001008.jpg,left
000000001009.jpg,left
000000001010.jpg,left
000000001011.jpg,front
000000001012.jpg,front
000000001013.jpg,front
000000001014.jpg,front
000000001015.jpg,front
000000001016.jpg,front
000000001017.jpg,front
000000001018.jpg,front
000000001019.jpg,front
000000001020.jpg,front
000000001021.jpg,right
000000001022.jpg,right
000000001023.jpg,right
000000001024.jpg,right
000000001025.jpg,right
000000001026.jpg,right
000000001027.jpg,right
000000001028.jpg,right
000000001029.jpg,right
000000001030.jpg,right
000000001031.jpg,left
000000001032.jpg,left
000000001033.jpg,left
000000001034.jpg,left
000000001035.jpg,left
000000001036.jpg,left
000000001037.jpg,left
000000001038.jpg,left
000000001039.jpg,left
000000001040.jpg,left
000000001041.jpg,front
000000001042.jpg,front
000000001043.jpg,front
000000001044.jpg,front
000000001045.jpg,front
000000001046.jpg,front
000000001047.jpg,front
000000001048.jpg,front
000000001049.jpg,front
000000001050.jpg,front
000000001051.jpg,right
000000001052.jpg,right
000000001053.jpg,right
000000001054.jpg,right
000000001055.jpg,right
000000001056.jpg,right
000000001057.jpg,right
000000001058.jpg,right
000000001059.jpg,right
000000001060.jpg,right
000000001061.jpg,left
000000001062.jpg,left
000000001063.jpg,left
000000001064.jpg,left
000000001065.jpg,left
000000001066.jpg,left
000000001067.jpg,left
000000001068.jpg,left
000000001069.jpg,left
000000001070.jpg,left
000000001071.jpg,front
000000001072.jpg,front
000000001073.jpg,front
000000001074.jpg,front
000000001075.jpg,front
000000001076.jpg,front
000000001077.jpg,front
000000001078.jpg,front
000000001079.jpg,front
000000001080.jpg,front
000000001081.jpg,right
000000001082.jpg,right
000000001083.jpg,right
000000001084.jpg,right
000000001085.jpg,right
000000001086.jpg,right
000000001087.jpg,right
000000001088.jpg,right
000000001089.jpg,right
000000001090.jpg,right
000000001091.jpg,left
000000001092.jpg,left
000000001093.jpg,left
000000001094.jpg,left
000000001095.jpg,left
000000001096.jpg,left
000000001097.jpg,left
000000001098.jpg,left
000000001099.jpg,left
000000001100.jpg,left
000000001101.jpg,front
000000001102.jpg,front
000000001103.jpg,front
000000001104.jpg,front
000000001105.jpg,front
000000001106.jpg,front
000000001107.jpg,front
000000001108.jpg,front
000000001109.jpg,front
000000001110.jpg,front
000000001111.jpg,right
000000001112.jpg,right
000000001113.jpg,right
000000001114.jpg,right
000000001115.jpg,right
000000001116.jpg,right
000000001117.jpg,right
000000001118.jpg,right
000000001119.jpg,right
000000001120.jpg,right
000000001121.jpg,left
000000001122.jpg,left
000000001123.jpg,left
000000001124.jpg,left
000000001125.jpg,left
000000001126.jpg,left
000000001127.jpg,left
000000001128.jpg,left
000000001129.jpg,left
000000001130.jpg,left
000000001131.jpg,front
000000001132.jpg,front
000000001133.jpg,front
000000001134.jpg,front
000000001135.jpg,front
000000001136.jpg,front
000000001137.jpg,front
000000001138.jpg,front
000000001139.jpg,front
000000001140.jpg,front
000000001141.jpg,right
000000001142.jpg,right
000000001143.jpg,right
000000001144.jpg,right
000000001145.jpg,right
000000001146.jpg,right
000000001147.jpg,right
000000001148.jpg,right
000000001149.jpg,right
000000001150.jpg,right
000000001151.jpg,left
000000001152.jpg,left
000000001153.jpg,left
000000001154.jpg,left
000000001155.jpg,left
000000001156.jpg,left
000000001157.jpg,left
000000001158.jpg,left
000000001159.jpg,left
000000001160.jpg,left
000000001161.jpg,front
000000001162.jpg,front
000000001163.jpg,front
000000001164.jpg,front
000000001165.jpg,front
000000001166.jpg,front
000000001167.jpg,front
000000001168.jpg,front
000000001169.jpg,front
000000001170.jpg,front
000000001171.jpg,right
000000001172.jpg,right
000000001173.jpg,right
000000001174.jpg,right
000000001175.jpg,right
000000001176.jpg,right
000000001177.jpg,right
000000001178.jpg,right
000000001179.jpg,right
000000001180.jpg,right
000000001181.jpg,left
000000001182.jpg,left
000000001183.jpg,left
000000001184.jpg,left
000000001185.jpg,left
000000001186.jpg,left
000000001187.jpg,left
000000001188.jpg,left
000000001189.jpg,left
000000001190.jpg,left
000000001191.jpg,front
000000001192.jpg,front
000000001193.jpg,front
000000001194.jpg,front
000000001195.jpg,front
000000001196.jpg,front
000000001197.jpg,front
000000001198.jpg,front
000000001199.jpg,front
000000001200.jpg,front
000000001201.jpg,right
000000001202.jpg,right
000000001203.jpg,right
000000001204.jpg,right
000000001205.jpg,right
000000001206.jpg,right
000000001207.jpg,right
000000001208.jpg,right
000000001209.jpg,right
000000001210.jpg,right
000000001211.jpg,left
000000001212.jpg,left
000000001213.jpg,left
000000001214.jpg,left
000000001215.jpg,left
000000001216.jpg,left
000000001217.jpg,left
000000001218.jpg,left
000000001219.jpg,left
000000001220.jpg,left
000000001221.jpg,front
000000001222.jpg,front
000000001223.jpg,front
000000001224.jpg,front
000000001225.jpg,front
000000001226.jpg,front
000000001227.jpg,front
000000001228.jpg,front
000000001229.jpg,front
000000001230.jpg,front
000000001231.jpg,right
000000001232.jpg,right
000000001233.jpg,right
000000001234.jpg,right
000000001235.jpg,right
000000001236.jpg,right
000000001237.jpg,right
000000001238.jpg,right
000000001239.jpg,right
000000001240.jpg,right
000000001241.jpg,left
000000001242.jpg,left
000000001243.jpg,left
000000001244.jpg,left
000000001245.jpg,left
000000001246.jpg,left
000000001247.jpg,left
000000001248.jpg,left
000000001249.jpg,left
000000001250.jpg,left
000000001251.jpg,front
000000001252.jpg,front
000000001253.jpg,front
000000001254.jpg,front
000000001255.jpg,front
000000001256.jpg,front
000000001257.jpg,front
000000001258.jpg,front
000000001259.jpg,front
000000001260.jpg,front
000000001261.jpg,right
000000001262.jpg,right
000000001263.jpg,right
000000001264.jpg,right
000000001265.jpg,right
000000001266.jpg,right
000000001267.jpg,right
000000001268.jpg,right
000000001269.jpg,right
000000001270.jpg,right
000000001271.jpg,left
000000001272.jpg,left
000000001273.jpg,left
000000001274.jpg,left
000000001275.jpg,left
000000001276.jpg,left
000000001277.jpg,left
000000001278.jpg,left
000000001279.jpg,left
000000001280.jpg,left
000000001281.jpg,front
000000001282.jpg,front
000000001283.jpg,front
000000001284.jpg,front
000000001285.jpg,front
000000001286.jpg,front
000000001287.jpg,front
000000001288.jpg,front
000000001289.jpg,front
000000001290.jpg,front
000000001291.jpg,right
000000001292.jpg,right
000000001293.jpg,right
000000001294.jpg,right
000000001295.jpg,right
000000001296.jpg,right
000000001297.jpg,right
000000001298.jpg,right
000000001299.jpg,right
000000001300.jpg,right
000000001301.jpg,left
000000001302.jpg,left
000000001303.jpg,left
000000001304.jpg,left
000000001305.jpg,left
000000001306.jpg,left
000000001307.jpg,left
000000001308.jpg,left
000000001309.jpg,left
000000001310.jpg,left
000000001311.jpg,front
000000001312.jpg,front
000000001313.jpg,front
000000001314.jpg,front
000000001315.jpg,front
000000001316.jpg,front
000000001317.jpg,front
000000001318.jpg,front
000000001319.jpg,front
000000001320.jpg,front
000000001321.jpg,right
000000001322.jpg,right
000000001323.jpg,right
000000001324.jpg,right
000000001325.jpg,right
000000001326.jpg,right
000000001327.jpg,right
000000001328.jpg,right
000000001329.jpg,right
000000001330.jpg,right
000000001331.jpg,left
000000001332.jpg,left
000000001333.jpg,left
000000001334.jpg,left
000000001335.jpg,left
000000001336.jpg,left
000000001337.jpg,left
000000001338.jpg,left
000000001339.jpg,left
000000001340.jpg,left
000000001341.jpg,front
000000001342.jpg,front
000000001343.jpg,front
000000001344.jpg,front
000000001345.jpg,front
000000001346.jpg,front
000000001347.jpg,front
000000001348.jpg,front
000000001349.jpg,front
000000001350.jpg,front
000000001351.jpg,right
000000001352.jpg,right
000000001353.jpg,right
000000001354.jpg,right
000000001355.jpg,right
000000001356.jpg,right
000000001357.jpg,right
000000001358.jpg,right
000000001359.jpg,right
000000001360.jpg,right
000000001361.jpg,left
000000001362.jpg,left
000000001363.jpg,left
000000001364.jpg,left
000000001365.jpg,left
000000001366.jpg,left
000000001367.jpg,left
000000001368.jpg,left
000000001369.jpg,left
000000001370.jpg,left
000000001371.jpg,front
000000001372.jpg,front
000000001373.jpg,front
000000001374.jpg,front
000000001375.jpg,front
000000001376.jpg,front
000000001377.jpg,front
000000001378.jpg,front
000000001379.jpg,front
000000001380.jpg,front
000000001381.jpg,right
000000001382.jpg,right
000000001383.jpg,right
000000001384.jpg,right
000000001385.jpg,right
000000001386.jpg,right
000000001387.jpg,right
000000001388.jpg,right
000000001389.jpg,right
000000001390.jpg,right
000000001391.jpg,left
000000001392.jpg,left
000000001393.jpg,left
000000001394.jpg,left
000000001395.jpg,left
000000001396.jpg,left
000000001397.jpg,left
000000001398.jpg,left
000000001399.jpg,left
000000001400.jpg,left
000000001401.jpg,front
000000001402.jpg,front
000000001403.jpg,front
000000001404.jpg,front
000000001405.jpg,front
000000001406.jpg,front
000000001407.jpg,front
000000001408.jpg,front
000000001409.jpg,front
000000001410.jpg,front
